Designator,Val,Package,Mid X, Mid Y,Rotation,Layer
"C1","22p","C_0603_1608Metric",125.357000,-34.098750,90.000000,top
"C2","22p","C_0603_1608Metric",127.643000,-34.098750,90.000000,top
"C3","1u","C_0603_1608Metric",137.000000,-47.500000,0.000000,top
"C4","0.1u","C_0402_1005Metric",118.500000,-45.100000,90.000000,top
"C5","0.1u","C_0402_1005Metric",130.250000,-40.650000,180.000000,top
"C6","0.1u","C_0402_1005Metric",123.450000,-57.000000,0.000000,top
"C7","10u","C_0603_1608Metric",136.300000,-54.650000,270.000000,top
"F1","500m","Fuse_1206_3216Metric",148.050000,-48.000000,90.000000,top
"R1","10k","R_0805_2012Metric",138.000000,-41.100000,90.000000,top
"R2","10k","R_0805_2012Metric",119.000000,-54.000000,90.000000,top
"R3","22","R_0805_2012Metric",137.500000,-52.000000,0.000000,top
"R4","22","R_0805_2012Metric",137.500000,-49.878500,0.000000,top
"R5","5.1k","R_0805_2012Metric",142.000000,-37.000000,180.000000,top
"R6","5.1k","R_0805_2012Metric",148.000000,-37.000000,0.000000,top
"U1","ATmega32U4-AU","TQFP-44_10x10mm_P0.8mm",127.135000,-48.703750,180.000000,top
"USB1","HRO-TYPE-C-31-M-12","HRO-TYPE-C-31-M-12-Assembly",145.000000,-24.500000,180.000000,top
"Y1","XTAL","Crystal_SMD_3225-4Pin_3.2x2.5mm",126.468250,-37.400750,0.000000,top
